#!SbcSavedTrendFile;Version_4;Html5Runtime_V3.0;
#!SBC trends log file generated on: 20.03.2024 08:03:37;
6;
TA_Salle_de_Reunion	0	5000	255,0,0;
CO_Salle_de_Reunion	0	5000	0,64,0;
DBS_Salle_de_Reunion	0	5000	0,0,128;
DBE_Salle_de_Reunion	0	5000	128,0,128;
TA_Vestiaires_H	0	5000	255,255,0;
TA_Vestiaires_F	0	5000	255,128,128;

#!(s);Date;Time;TA_Salle_de_Reunion;CO_Salle_de_Reunion;DBS_Salle_de_Reunion;DBE_Salle_de_Reunion;TA_Vestiaires_H;TA_Vestiaires_F;
1710116001;11.03.2024;00:13:21;17.3;384;0;54;20.2;19.7;
1710116903;11.03.2024;00:28:23;17.4;384;0;54;20.2;19.7;
1710117806;11.03.2024;00:43:26;17.3;384;0;54;20.2;19.7;
1710118709;11.03.2024;00:58:29;17.3;384;0;54;20.2;19.7;
1710119612;11.03.2024;01:13:32;17.3;384;0;54;20.2;19.7;
1710120515;11.03.2024;01:28:35;17.3;384;0;54;20.2;19.7;
1710121417;11.03.2024;01:43:37;17.3;392;0;54;20.2;19.7;
1710122320;11.03.2024;01:58:40;17.3;384;0;54;20.2;19.7;
1710123223;11.03.2024;02:13:43;17.3;384;0;54;20.2;19.7;
1710124126;11.03.2024;02:28:46;17.3;384;0;54;20.2;19.7;
1710125029;11.03.2024;02:43:49;17.3;384;0;54;20.2;19.7;
1710125932;11.03.2024;02:58:52;17.4;384;0;54;20.2;19.7;
1710126834;11.03.2024;03:13:54;21.1;384;0;166;20.2;19.7;
1710127737;11.03.2024;03:28:57;21.6;384;0;173;20.2;19.7;
1710128640;11.03.2024;03:44:00;21.6;384;0;166;20.2;19.7;
1710129542;11.03.2024;03:59:02;21.5;384;0;158;20.2;19.7;
1710130445;11.03.2024;04:14:05;21.5;384;0;194;20.2;19.7;
1710131348;11.03.2024;04:29:08;21.3;384;0;148;20.2;19.7;
1710132251;11.03.2024;04:44:11;21.2;392;0;140;20.2;19.7;
1710133153;11.03.2024;04:59:13;21.1;384;0;180;20.2;19.7;
1710134056;11.03.2024;05:14:16;21.1;384;0;180;20.2;19.7;
1710134959;11.03.2024;05:29:19;21;384;0;194;20.2;19.7;
1710135862;11.03.2024;05:44:22;20.9;384;0;166;20.2;19.7;
1710136764;11.03.2024;05:59:24;20.8;384;0;158;20.2;19.7;
1710137667;11.03.2024;06:14:27;20.7;384;0;158;20.2;19.7;
1710138570;11.03.2024;06:29:30;20.6;384;0;133;20.2;19.7;
1710139473;11.03.2024;06:44:33;20.6;384;0;187;20.2;19.7;
1710140375;11.03.2024;06:59:35;20.5;384;0;173;20.2;19.7;
1710141278;11.03.2024;07:14:38;20.4;384;0;158;20.2;19.7;
1710142181;11.03.2024;07:29:41;20.5;384;0;180;20.2;19.7;
1710143084;11.03.2024;07:44:44;20.5;384;0;198;20.2;19.7;
1710143986;11.03.2024;07:59:46;20.5;384;0;173;20.2;19.7;
1710144889;11.03.2024;08:14:49;20.5;384;0;151;20.2;19.7;
1710145792;11.03.2024;08:29:52;21.1;384;0;187;20.2;19.7;
1710146695;11.03.2024;08:44:55;21.6;384;0;212;20.2;19.7;
1710147598;11.03.2024;08:59:58;22.2;384;0;173;20.3;19.7;
1710148500;11.03.2024;09:15:00;22.5;384;0;133;20.2;19.7;
1710149403;11.03.2024;09:30:03;22.8;384;0;180;20.3;19.7;
1710150306;11.03.2024;09:45:06;23;392;0;148;20.3;19.7;
1710151209;11.03.2024;10:00:09;23.1;384;0;205;20.4;19.7;
1710152111;11.03.2024;10:15:11;23.1;384;0;180;20.3;19.7;
1710153014;11.03.2024;10:30:14;23.1;384;0;180;20.3;19.7;
1710153917;11.03.2024;10:45:17;23.1;384;0;220;20.4;19.7;
1710154820;11.03.2024;11:00:20;22.9;384;0;194;20.3;19.7;
1710155722;11.03.2024;11:15:22;22.8;384;0;148;20.4;19.7;
1710156625;11.03.2024;11:30:25;22.6;384;0;148;20.3;19.7;
1710157528;11.03.2024;11:45:28;23;384;0;205;20.5;19.7;
1710158431;11.03.2024;12:00:31;22.9;384;0;187;20.4;19.8;
1710159334;11.03.2024;12:15:34;22.7;384;0;166;20.4;19.8;
1710160236;11.03.2024;12:30:36;22.7;384;0;187;20.4;19.8;
1710161139;11.03.2024;12:45:39;22.6;384;0;140;20.4;19.9;
1710162042;11.03.2024;13:00:42;22.5;384;0;173;20.4;19.8;
1710162945;11.03.2024;13:15:45;22.3;384;0;166;20.4;19.8;
1710163848;11.03.2024;13:30:48;22;384;0;166;20.4;19.8;
1710164750;11.03.2024;13:45:50;22.1;384;0;173;20.6;20;
1710165653;11.03.2024;14:00:53;22.3;384;0;198;20.5;19.9;
1710166556;11.03.2024;14:15:56;22.3;384;0;166;20.8;19.9;
1710167459;11.03.2024;14:30:59;22.3;384;0;180;20.6;19.9;
1710168362;11.03.2024;14:46:02;22.2;384;0;158;20.7;19.9;
1710169264;11.03.2024;15:01:04;22.2;384;0;173;20.7;19.9;
1710170167;11.03.2024;15:16:07;22.2;384;0;133;20.6;19.9;
1710171070;11.03.2024;15:31:10;22.6;384;0;180;20.6;19.9;
1710171973;11.03.2024;15:46:13;22.3;384;0;194;20.6;19.9;
1710172876;11.03.2024;16:01:16;22.3;384;0;151;20.6;20.1;
1710173778;11.03.2024;16:16:18;22.1;384;0;158;20.6;20;
1710174681;11.03.2024;16:31:21;22.1;384;0;148;20.6;20;
1710175584;11.03.2024;16:46:24;22.2;384;0;212;20.6;20;
1710176487;11.03.2024;17:01:27;22.1;384;0;187;20.6;20;
1710177389;11.03.2024;17:16:29;22.1;384;0;180;20.6;20;
1710178292;11.03.2024;17:31:32;22.1;384;0;166;20.6;20;
1710179195;11.03.2024;17:46:35;22;384;0;187;20.7;20;
1710180098;11.03.2024;18:01:38;21.8;384;0;148;20.6;20;
1710181001;11.03.2024;18:16:41;21.5;384;0;166;20.6;20.1;
1710181903;11.03.2024;18:31:43;21.4;384;0;148;20.6;20.1;
1710182806;11.03.2024;18:46:46;21.4;384;0;40;20.6;20.1;
1710183709;11.03.2024;19:01:49;21.4;384;0;40;20.6;20.1;
1710184612;11.03.2024;19:16:52;21.3;384;0;40;20.6;20.1;
1710185515;11.03.2024;19:31:55;21.2;384;0;40;20.6;20.1;
1710186417;11.03.2024;19:46:57;21;384;0;40;20.6;20.1;
1710187320;11.03.2024;20:02:00;20.9;384;0;40;20.6;20.1;
1710188223;11.03.2024;20:17:03;21;384;0;40;20.6;20.1;
1710189126;11.03.2024;20:32:06;20.9;384;0;47;20.6;20.1;
1710190029;11.03.2024;20:47:09;20.8;384;0;40;20.6;20.1;
1710190931;11.03.2024;21:02:11;20.7;384;0;40;20.6;20.1;
1710191834;11.03.2024;21:17:14;20.6;384;0;40;20.6;20;
1710192737;11.03.2024;21:32:17;20.7;384;0;40;20.6;20.1;
1710193640;11.03.2024;21:47:20;20.6;384;0;40;20.6;20.1;
1710194543;11.03.2024;22:02:23;20.6;384;0;40;20.6;20;
1710195445;11.03.2024;22:17:25;20.4;384;0;40;20.6;20;
1710196348;11.03.2024;22:32:28;20.5;384;0;40;20.6;20;
1710197251;11.03.2024;22:47:31;20.5;384;0;40;20.6;20;
1710198154;11.03.2024;23:02:34;20.4;384;0;40;20.6;20;
1710199057;11.03.2024;23:17:37;20.5;384;0;40;20.6;20;
1710199960;11.03.2024;23:32:40;20.5;384;0;40;20.5;20;
1710200862;11.03.2024;23:47:42;20.5;384;0;40;20.5;20;
1710201765;12.03.2024;00:02:45;20.4;384;0;40;20.6;20;
1710202668;12.03.2024;00:17:48;20.5;384;0;40;20.6;20;
1710203571;12.03.2024;00:32:51;20.4;384;0;40;20.5;20;
1710204474;12.03.2024;00:47:54;20.4;384;0;40;20.6;20;
1710205376;12.03.2024;01:02:56;20.3;384;0;40;20.5;20;
1710206279;12.03.2024;01:17:59;20.4;384;0;40;20.5;20;
1710207182;12.03.2024;01:33:02;20.3;384;0;40;20.5;20;
1710208085;12.03.2024;01:48:05;20.4;384;0;40;20.5;20;
1710208988;12.03.2024;02:03:08;20.3;384;0;40;20.5;20;
1710209890;12.03.2024;02:18:10;20.3;384;0;40;20.5;20;
1710210793;12.03.2024;02:33:13;20.3;384;0;40;20.5;20;
1710211696;12.03.2024;02:48:16;20.3;384;0;40;20.5;20;
1710212599;12.03.2024;03:03:19;20.3;384;0;187;20.5;20;
1710213502;12.03.2024;03:18:22;20.3;384;0;151;20.5;20;
1710214404;12.03.2024;03:33:24;20.2;384;0;166;20.5;20;
1710215307;12.03.2024;03:48:27;20.3;384;0;148;20.5;20;
1710216210;12.03.2024;04:03:30;20.3;384;0;180;20.5;20;
1710217112;12.03.2024;04:18:32;20.3;384;0;187;20.5;20;
1710218015;12.03.2024;04:33:35;20.3;384;0;166;20.5;20;
1710218918;12.03.2024;04:48:38;20.4;384;0;187;20.5;19.9;
1710219821;12.03.2024;05:03:41;20.3;384;0;180;20.5;20;
1710220724;12.03.2024;05:18:44;20.4;384;0;173;20.5;20;
1710221626;12.03.2024;05:33:46;20.3;384;0;151;20.5;20;
1710222529;12.03.2024;05:48:49;20.3;384;0;158;20.5;20;
1710223432;12.03.2024;06:03:52;20.3;384;0;194;20.5;19.9;
1710224335;12.03.2024;06:18:55;20.2;384;0;166;20.5;19.9;
1710225237;12.03.2024;06:33:57;20.2;384;0;180;20.5;20;
1710226140;12.03.2024;06:49:00;20.3;384;0;166;20.5;19.9;
1710227043;12.03.2024;07:04:03;20.2;384;0;173;20.6;20;
1710227946;12.03.2024;07:19:06;20.2;384;0;187;20.5;19.9;
1710228848;12.03.2024;07:34:08;20.2;384;0;173;20.5;19.9;
1710229751;12.03.2024;07:49:11;20.2;384;0;180;20.5;19.9;
1710230654;12.03.2024;08:04:14;20.2;384;0;173;20.5;19.9;
1710231557;12.03.2024;08:19:17;20.1;384;0;194;20.5;19.9;
1710232459;12.03.2024;08:34:19;20.2;384;0;180;20.5;19.9;
1710233362;12.03.2024;08:49:22;20.1;384;0;180;20.5;20;
1710234265;12.03.2024;09:04:25;20.1;384;0;133;20.5;19.9;
1710235167;12.03.2024;09:19:27;20.5;384;0;173;20.5;19.9;
1710236070;12.03.2024;09:34:30;21;384;0;166;20.5;19.9;
1710236973;12.03.2024;09:49:33;20.8;384;0;151;20.5;20;
1710237876;12.03.2024;10:04:36;20.8;384;0;180;20.5;19.9;
1710238778;12.03.2024;10:19:38;20.8;384;0;187;20.5;20;
1710239681;12.03.2024;10:34:41;21;384;0;173;20.5;20;
1710240584;12.03.2024;10:49:44;21.2;384;0;158;20.6;20;
1710241487;12.03.2024;11:04:47;21.3;384;0;173;20.6;20;
1710242390;12.03.2024;11:19:50;20.9;384;0;148;20.6;20;
1710243292;12.03.2024;11:34:52;21.3;384;0;148;20.6;20;
1710244195;12.03.2024;11:49:55;21.1;384;0;151;20.6;20;
1710245098;12.03.2024;12:04:58;21.3;384;0;166;20.6;20;
1710246001;12.03.2024;12:20:01;21.1;384;0;187;20.6;20;
1710246904;12.03.2024;12:35:04;21.2;384;0;180;20.6;20;
1710247806;12.03.2024;12:50:06;21.2;384;0;180;20.5;20;
1710248709;12.03.2024;13:05:09;21.2;384;0;198;20.6;20;
1710249612;12.03.2024;13:20:12;21;384;0;180;20.6;20;
1710250515;12.03.2024;13:35:15;21;384;0;166;20.6;19.9;
1710251418;12.03.2024;13:50:18;21;384;0;198;20.7;20;
1710252321;12.03.2024;14:05:21;21;384;0;180;20.6;19.9;
1710253223;12.03.2024;14:20:23;21;384;0;173;20.6;19.9;
1710254126;12.03.2024;14:35:26;21.2;384;0;180;20.7;19.9;
1710255029;12.03.2024;14:50:29;21.3;384;0;187;20.6;19.9;
1710255932;12.03.2024;15:05:32;21.3;384;0;180;20.6;20;
1710256834;12.03.2024;15:20:34;21.2;384;0;151;20.6;19.9;
1710257737;12.03.2024;15:35:37;21.3;384;0;180;20.6;20.1;
1710258640;12.03.2024;15:50:40;21.2;384;0;151;20.6;20.1;
1710259543;12.03.2024;16:05:43;21.3;384;0;180;20.6;20;
1710260446;12.03.2024;16:20:46;21.2;384;0;173;20.7;20.1;
1710261348;12.03.2024;16:35:48;21.3;384;0;166;20.6;20;
1710262251;12.03.2024;16:50:51;21.4;384;0;133;20.6;20;
1710263154;12.03.2024;17:05:54;21.2;384;0;212;20.6;20;
1710264057;12.03.2024;17:20:57;21.3;384;0;148;20.6;20;
1710264959;12.03.2024;17:35:59;21.1;384;0;166;20.7;20.2;
1710265862;12.03.2024;17:51:02;20.9;384;0;173;20.7;20.1;
1710266765;12.03.2024;18:06:05;21;384;0;187;20.7;20.1;
1710267668;12.03.2024;18:21:08;20.8;384;0;194;20.7;20;
1710268570;12.03.2024;18:36:10;16.9;384;0;47;20.7;20.1;
1710269473;12.03.2024;18:51:13;16.3;384;0;54;20.7;20;
1710270376;12.03.2024;19:06:16;16.3;384;0;54;20.7;20;
1710271279;12.03.2024;19:21:19;16.4;384;0;54;20.7;20;
1710272182;12.03.2024;19:36:22;16.4;384;0;54;20.7;20;
1710273085;12.03.2024;19:51:25;16.5;384;0;54;20.6;20;
1710273987;12.03.2024;20:06:27;16.6;384;0;54;20.6;20;
1710274890;12.03.2024;20:21:30;16.5;384;0;61;20.6;20;
1710275793;12.03.2024;20:36:33;16.6;384;0;54;20.6;20;
1710276696;12.03.2024;20:51:36;16.6;384;0;54;20.6;20;
1710277598;12.03.2024;21:06:38;16.6;384;0;54;20.6;20;
1710278501;12.03.2024;21:21:41;16.8;384;0;54;20.6;20;
1710279404;12.03.2024;21:36:44;16.7;384;0;54;20.6;20;
1710280307;12.03.2024;21:51:47;16.7;384;0;54;20.6;20;
1710281210;12.03.2024;22:06:50;16.7;384;0;54;20.6;20;
1710282113;12.03.2024;22:21:53;16.7;384;0;54;20.6;19.9;
1710283015;12.03.2024;22:36:55;16.8;384;0;54;20.6;20;
1710283918;12.03.2024;22:51:58;16.8;384;0;54;20.6;19.9;
1710284821;12.03.2024;23:07:01;16.8;384;0;54;20.6;20;
1710285724;12.03.2024;23:22:04;16.8;384;0;54;20.6;19.9;
1710286627;12.03.2024;23:37:07;16.8;384;0;61;20.6;19.9;
1710287529;12.03.2024;23:52:09;16.8;384;0;54;20.6;19.9;
1710288432;13.03.2024;00:07:12;16.8;384;0;54;20.6;19.9;
1710289335;13.03.2024;00:22:15;16.9;384;0;54;20.6;19.9;
1710290238;13.03.2024;00:37:18;16.9;384;0;54;20.6;19.9;
1710291141;13.03.2024;00:52:21;16.9;384;0;54;20.6;19.9;
1710292043;13.03.2024;01:07:23;16.9;384;0;54;20.6;19.9;
1710292946;13.03.2024;01:22:26;16.9;384;0;54;20.6;19.9;
1710293850;13.03.2024;01:37:30;16.9;384;0;54;20.5;19.9;
1710294753;13.03.2024;01:52:33;16.9;384;0;54;20.5;19.9;
1710295656;13.03.2024;02:07:36;16.9;384;0;54;20.5;19.9;
1710296559;13.03.2024;02:22:39;16.9;384;0;54;20.5;19.9;
1710297462;13.03.2024;02:37:42;16.9;384;0;54;20.5;19.9;
1710298364;13.03.2024;02:52:44;16.9;384;0;54;20.5;19.9;
1710299267;13.03.2024;03:07:47;19.9;384;0;194;20.5;19.9;
1710300170;13.03.2024;03:22:50;21.2;384;0;187;20.5;19.9;
1710301073;13.03.2024;03:37:53;21.3;384;0;173;20.5;19.9;
1710301975;13.03.2024;03:52:55;21.2;384;0;187;20.5;19.9;
1710302878;13.03.2024;04:07:58;21.3;384;0;140;20.5;19.9;
1710303781;13.03.2024;04:23:01;21.2;384;0;119;20.5;19.9;
1710304684;13.03.2024;04:38:04;21.2;384;0;194;20.5;19.9;
1710305586;13.03.2024;04:53:06;21.1;384;0;140;20.5;19.9;
1710306489;13.03.2024;05:08:09;21;384;0;173;20.5;19.9;
1710307392;13.03.2024;05:23:12;21;384;0;158;20.5;19.9;
1710308295;13.03.2024;05:38:15;21;384;0;180;20.5;19.9;
1710309197;13.03.2024;05:53:17;21;384;0;194;20.5;19.9;
1710310100;13.03.2024;06:08:20;20.8;384;0;158;20.5;19.9;
1710311003;13.03.2024;06:23:23;20.6;384;0;148;20.5;19.9;
1710311906;13.03.2024;06:38:26;20.7;384;0;180;20.5;19.9;
1710312808;13.03.2024;06:53:28;20.7;384;0;166;20.5;19.9;
1710313711;13.03.2024;07:08:31;20.5;384;0;205;20.5;19.9;
1710314614;13.03.2024;07:23:34;20.6;384;0;166;20.5;19.9;
1710315517;13.03.2024;07:38:37;20.6;384;0;194;20.5;19.9;
1710316419;13.03.2024;07:53:39;20.5;384;0;148;20.5;19.9;
1710317322;13.03.2024;08:08:42;20.5;384;0;187;20.5;19.9;
1710318225;13.03.2024;08:23:45;20.4;384;0;140;20.5;19.9;
1710319128;13.03.2024;08:38:48;20.5;384;0;166;20.5;19.9;
1710320030;13.03.2024;08:53:50;20.5;384;0;173;20.5;19.9;
1710320933;13.03.2024;09:08:53;20.5;384;0;166;20.5;19.9;
1710321836;13.03.2024;09:23:56;20.5;384;0;180;20.5;19.9;
1710322739;13.03.2024;09:38:59;20.5;384;0;166;20.5;19.9;
1710323642;13.03.2024;09:54:02;20.5;384;0;158;20.5;19.9;
1710324544;13.03.2024;10:09:04;20.5;384;0;187;20.5;19.9;
1710325447;13.03.2024;10:24:07;20.5;384;0;180;20.6;19.9;
1710326350;13.03.2024;10:39:10;20.5;384;0;148;20.6;19.9;
1710327253;13.03.2024;10:54:13;20.6;384;0;194;20.7;19.9;
1710328155;13.03.2024;11:09:15;20.5;384;0;158;20.6;19.9;
1710329058;13.03.2024;11:24:18;20.6;384;0;140;20.6;19.9;
1710329961;13.03.2024;11:39:21;20.6;384;0;173;20.5;19.9;
1710330864;13.03.2024;11:54:24;20.5;384;0;194;20.5;19.9;
1710331766;13.03.2024;12:09:26;20.6;384;0;187;20.7;19.9;
1710332669;13.03.2024;12:24:29;20.8;384;0;151;20.6;19.9;
1710333572;13.03.2024;12:39:32;20.8;384;0;187;20.7;19.9;
1710334475;13.03.2024;12:54:35;20.8;384;0;140;20.6;19.9;
1710335377;13.03.2024;13:09:37;20.8;384;0;187;20.6;19.9;
1710336280;13.03.2024;13:24:40;21;384;0;166;20.6;19.9;
1710337183;13.03.2024;13:39:43;20.9;384;0;166;20.6;19.9;
1710338086;13.03.2024;13:54:46;21;384;0;187;20.7;19.9;
1710338989;13.03.2024;14:09:49;21;384;0;187;20.6;19.9;
1710339892;13.03.2024;14:24:52;21;384;0;212;20.7;19.9;
1710340794;13.03.2024;14:39:54;21;384;0;180;20.6;19.9;
1710341697;13.03.2024;14:54:57;21;384;0;158;20.7;19.9;
1710342600;13.03.2024;15:10:00;20.9;384;0;148;20.7;19.9;
1710343503;13.03.2024;15:25:03;20.9;384;0;198;20.7;19.9;
1710344405;13.03.2024;15:40:05;21;384;0;173;20.7;19.9;
1710345308;13.03.2024;15:55:08;21;384;0;194;20.6;19.9;
1710346211;13.03.2024;16:10:11;21;384;0;148;20.7;19.9;
1710347114;13.03.2024;16:25:14;21;384;0;166;20.6;19.9;
1710348017;13.03.2024;16:40:17;20.9;384;0;158;20.6;19.9;
1710348919;13.03.2024;16:55:19;20.9;384;0;173;20.6;19.9;
1710349822;13.03.2024;17:10:22;20.8;384;0;205;21;19.9;
1710350725;13.03.2024;17:25:25;20.7;384;0;166;20.7;20;
1710351628;13.03.2024;17:40:28;20.7;384;0;151;20.7;20;
1710352530;13.03.2024;17:55:30;20.7;384;0;187;20.9;20;
1710353433;13.03.2024;18:10:33;20.6;384;0;180;20.7;20;
1710354336;13.03.2024;18:25:36;20.4;384;0;198;20.7;20;
1710355239;13.03.2024;18:40:39;20;384;0;47;20.7;20;
1710356142;13.03.2024;18:55:42;20;384;0;54;20.7;20;
1710357045;13.03.2024;19:10:45;19.8;384;0;54;20.6;20;
1710357947;13.03.2024;19:25:47;19.9;384;0;54;20.6;20;
1710358850;13.03.2024;19:40:50;19.9;384;0;54;20.6;20;
1710359753;13.03.2024;19:55:53;19.8;384;0;54;20.6;20;
1710360656;13.03.2024;20:10:56;19.8;384;0;54;20.6;20;
1710361559;13.03.2024;20:25:59;19.7;384;0;47;20.6;20;
1710362461;13.03.2024;20:41:01;19.7;384;0;54;20.6;19.9;
1710363364;13.03.2024;20:56:04;19.7;384;0;54;20.6;19.9;
1710364267;13.03.2024;21:11:07;19.5;384;0;47;20.6;20;
1710365170;13.03.2024;21:26:10;19.5;384;0;54;20.5;19.9;
1710366073;13.03.2024;21:41:13;19.5;384;0;54;20.5;19.9;
1710366975;13.03.2024;21:56:15;19.5;384;0;54;20.6;19.9;
1710367878;13.03.2024;22:11:18;19.4;384;0;54;20.5;19.9;
1710368781;13.03.2024;22:26:21;19.4;384;0;54;20.5;19.9;
1710369684;13.03.2024;22:41:24;19.4;384;0;54;20.5;19.9;
1710370587;13.03.2024;22:56:27;19.4;384;0;54;20.5;19.9;
1710371490;13.03.2024;23:11:30;19.4;384;0;54;20.5;19.9;
1710372392;13.03.2024;23:26:32;19.4;384;0;54;20.5;19.9;
1710373295;13.03.2024;23:41:35;19.4;384;0;54;20.5;19.9;
1710374198;13.03.2024;23:56:38;19.3;384;0;54;20.5;19.9;
1710375101;14.03.2024;00:11:41;19.3;384;0;54;20.5;19.9;
1710376004;14.03.2024;00:26:44;19.3;384;0;54;20.5;19.9;
1710376906;14.03.2024;00:41:46;19.3;384;0;54;20.5;19.9;
1710377809;14.03.2024;00:56:49;19.2;384;0;54;20.5;19.9;
1710378712;14.03.2024;01:11:52;19.2;384;0;54;20.5;19.9;
1710379615;14.03.2024;01:26:55;19.2;384;0;54;20.5;19.9;
1710380518;14.03.2024;01:41:58;19.2;384;0;54;20.5;19.9;
1710381420;14.03.2024;01:57:00;19.2;384;0;54;20.5;19.9;
1710382323;14.03.2024;02:12:03;19.2;384;0;54;20.5;19.9;
1710383226;14.03.2024;02:27:06;19.1;384;0;54;20.5;19.9;
1710384129;14.03.2024;02:42:09;19.2;384;0;54;20.5;19.9;
1710385032;14.03.2024;02:57:12;19.1;384;0;47;20.5;19.9;
1710385934;14.03.2024;03:12:14;19.8;384;0;158;20.5;19.9;
1710386837;14.03.2024;03:27:17;19.7;384;0;151;20.5;19.9;
1710387740;14.03.2024;03:42:20;19.8;384;0;173;20.5;19.9;
1710388643;14.03.2024;03:57:23;19.8;384;0;173;20.5;19.9;
1710389545;14.03.2024;04:12:25;19.8;384;0;180;20.5;19.9;
1710390448;14.03.2024;04:27:28;19.7;384;0;187;20.5;19.9;
1710391351;14.03.2024;04:42:31;19.7;384;0;133;20.5;19.9;
1710392254;14.03.2024;04:57:34;19.7;384;0;133;20.5;19.9;
1710393156;14.03.2024;05:12:36;19.7;384;0;158;20.5;19.9;
1710394059;14.03.2024;05:27:39;19.7;384;0;140;20.5;19.9;
1710394962;14.03.2024;05:42:42;19.5;384;0;158;20.5;19.9;
1710395865;14.03.2024;05:57:45;19.5;384;0;173;20.5;19.9;
1710396767;14.03.2024;06:12:47;19.5;384;0;194;20.5;19.9;
1710397670;14.03.2024;06:27:50;19.4;384;0;151;20.5;19.9;
1710398573;14.03.2024;06:42:53;19.4;384;0;166;20.5;19.9;
1710399475;14.03.2024;06:57:55;19.4;384;0;173;20.5;19.9;
1710400378;14.03.2024;07:12:58;19.5;384;0;173;20.5;19.9;
1710401281;14.03.2024;07:28:01;19.4;384;0;166;20.5;19.9;
1710402184;14.03.2024;07:43:04;19.4;384;0;148;20.5;19.9;
1710403086;14.03.2024;07:58:06;19.7;384;0;180;20.5;19.9;
1710403989;14.03.2024;08:13:09;20.2;384;0;180;20.5;19.9;
1710404892;14.03.2024;08:28:12;20.3;384;0;173;20.5;20;
1710405795;14.03.2024;08:43:15;20.2;384;0;158;20.5;20;
1710406697;14.03.2024;08:58:17;20.2;384;0;187;20.6;20;
1710407600;14.03.2024;09:13:20;20.6;384;0;151;20.6;20;
1710408503;14.03.2024;09:28:23;21.2;384;0;187;20.5;20;
1710409406;14.03.2024;09:43:26;21.4;384;0;166;20.5;20;
1710410308;14.03.2024;09:58:28;21.6;384;0;180;20.5;20;
1710411211;14.03.2024;10:13:31;21.6;384;0;187;20.5;20;
1710412114;14.03.2024;10:28:34;21.6;384;0;166;20.6;20.1;
1710413017;14.03.2024;10:43:37;21.6;384;0;187;20.6;20;
1710413920;14.03.2024;10:58:40;21.5;384;0;166;20.6;20;
1710414822;14.03.2024;11:13:42;21.5;384;0;173;20.6;20.2;
1710415725;14.03.2024;11:28:45;21.6;384;0;173;20.6;20.1;
1710416628;14.03.2024;11:43:48;21.4;384;0;173;20.6;20.1;
1710417531;14.03.2024;11:58:51;21.4;384;0;173;20.7;20;
1710418433;14.03.2024;12:13:53;21.4;384;0;180;20.8;20;
1710419336;14.03.2024;12:28:56;21.5;384;0;173;20.6;20.1;
1710420239;14.03.2024;12:43:59;21.5;384;0;180;20.6;20.1;
1710421142;14.03.2024;12:59:02;21.4;384;0;187;20.6;20;
1710422045;14.03.2024;13:14:05;21.4;384;0;187;20.6;20;
1710422947;14.03.2024;13:29:07;21.4;384;0;173;20.6;20;
1710423850;14.03.2024;13:44:10;21.5;384;0;180;20.6;20;
1710424753;14.03.2024;13:59:13;21.5;384;0;158;20.6;20;
1710425656;14.03.2024;14:14:16;21.5;384;0;180;20.7;20;
1710426559;14.03.2024;14:29:19;21.5;384;0;133;20.7;20.1;
1710427462;14.03.2024;14:44:22;21.8;384;0;166;20.8;20.1;
1710428364;14.03.2024;14:59:24;21.7;384;0;187;20.7;20.1;
1710429267;14.03.2024;15:14:27;21.4;384;0;180;20.7;20.2;
1710430171;14.03.2024;15:29:31;22.5;384;0;166;20.7;20.1;
1710431074;14.03.2024;15:44:34;22.6;384;0;173;20.7;20.1;
1710431977;14.03.2024;15:59:37;22.5;384;0;187;20.7;20.1;
1710432880;14.03.2024;16:14:40;22.1;384;0;151;20.7;20.1;
1710433782;14.03.2024;16:29:42;22;384;0;158;20.7;20.1;
1710434685;14.03.2024;16:44:45;22;384;0;212;21;20.1;
1710435588;14.03.2024;16:59:48;21.9;384;0;212;20.8;20.1;
1710436491;14.03.2024;17:14:51;21.7;384;0;173;20.9;20.1;
1710437393;14.03.2024;17:29:53;21.6;384;0;187;20.8;20.1;
1710438296;14.03.2024;17:44:56;21.6;392;0;166;20.8;20.1;
1710439199;14.03.2024;17:59:59;21.5;384;0;151;20.8;20.1;
1710440102;14.03.2024;18:15:02;21.4;384;0;140;20.7;20.1;
1710441005;14.03.2024;18:30:05;21.5;384;0;166;20.8;20.1;
1710441907;14.03.2024;18:45:07;21.4;384;0;54;20.8;20.2;
1710442810;14.03.2024;19:00:10;21.4;384;0;47;20.8;20.2;
1710443713;14.03.2024;19:15:13;21.3;384;0;47;20.7;20.2;
1710444616;14.03.2024;19:30:16;21.2;384;0;47;20.7;20.1;
1710445519;14.03.2024;19:45:19;21.1;384;0;47;20.8;20.2;
1710446422;14.03.2024;20:00:22;21.2;384;0;47;20.7;20.2;
1710447324;14.03.2024;20:15:24;21.1;384;0;47;20.8;20.1;
1710448227;14.03.2024;20:30:27;21.1;384;0;47;20.7;20.1;
1710449130;14.03.2024;20:45:30;21;384;0;47;20.7;20.1;
1710450033;14.03.2024;21:00:33;21;384;0;47;20.7;20.1;
1710450936;14.03.2024;21:15:36;20.9;384;0;47;20.7;20.1;
1710451838;14.03.2024;21:30:38;20.9;384;0;47;20.7;20.1;
1710452741;14.03.2024;21:45:41;20.8;384;0;47;20.7;20.1;
1710453644;14.03.2024;22:00:44;20.8;384;0;47;20.7;20.1;
1710454547;14.03.2024;22:15:47;20.7;384;0;47;20.7;20.1;
1710455450;14.03.2024;22:30:50;20.8;384;0;47;20.7;20.1;
1710456352;14.03.2024;22:45:52;20.6;384;0;47;20.7;20.1;
1710457255;14.03.2024;23:00:55;20.7;384;0;47;20.7;20.1;
1710458158;14.03.2024;23:15:58;20.6;384;0;47;20.7;20.1;
1710459061;14.03.2024;23:31:01;20.6;384;0;47;20.7;20.1;
1710459964;14.03.2024;23:46:04;20.6;384;0;47;20.7;20.1;
1710460867;15.03.2024;00:01:07;20.4;384;0;47;20.7;20.1;
1710461770;15.03.2024;00:16:10;20.5;384;0;47;20.7;20.1;
1710462672;15.03.2024;00:31:12;20.5;384;0;47;20.7;20.1;
1710463575;15.03.2024;00:46:15;20.4;384;0;47;20.7;20.1;
1710464478;15.03.2024;01:01:18;20.5;384;0;47;20.7;20.1;
1710465381;15.03.2024;01:16:21;20.5;384;0;47;20.7;20.1;
1710466284;15.03.2024;01:31:24;20.4;384;0;47;20.7;20.1;
1710467186;15.03.2024;01:46:26;20.4;384;0;47;20.7;20.1;
1710468089;15.03.2024;02:01:29;20.5;384;0;47;20.7;20.1;
1710468992;15.03.2024;02:16:32;20.4;384;0;47;20.7;20.1;
1710469895;15.03.2024;02:31:35;20.4;384;0;47;20.7;20.1;
1710470798;15.03.2024;02:46:38;20.4;384;0;47;20.7;20.1;
1710471701;15.03.2024;03:01:41;20.4;384;0;140;20.7;20.1;
1710472603;15.03.2024;03:16:43;20.2;384;0;140;20.7;20.1;
1710473506;15.03.2024;03:31:46;20.4;384;0;158;20.7;20.1;
1710474409;15.03.2024;03:46:49;20.5;384;0;158;20.7;20.1;
1710475312;15.03.2024;04:01:52;20.5;384;0;187;20.7;20.1;
1710476215;15.03.2024;04:16:55;20.4;384;0;158;20.7;20.1;
1710477117;15.03.2024;04:31:57;20.4;384;0;151;20.7;20.1;
1710478020;15.03.2024;04:47:00;20.4;384;0;140;20.7;20.1;
1710478923;15.03.2024;05:02:03;20.4;384;0;173;20.7;20.1;
1710479826;15.03.2024;05:17:06;20.3;384;0;173;20.7;20.1;
1710480728;15.03.2024;05:32:08;20.4;384;0;187;20.7;20.1;
1710481631;15.03.2024;05:47:11;20.4;384;0;187;20.7;20.1;
1710482534;15.03.2024;06:02:14;20.4;384;0;180;20.7;20.1;
1710483437;15.03.2024;06:17:17;20.4;384;0;151;20.7;20.1;
1710484340;15.03.2024;06:32:20;20.3;384;0;187;20.7;20.1;
1710485242;15.03.2024;06:47:22;20.3;384;0;151;20.7;20.1;
1710486145;15.03.2024;07:02:25;20.3;384;0;180;20.7;20.1;
1710487048;15.03.2024;07:17:28;20.2;384;0;148;20.7;20.1;
1710487951;15.03.2024;07:32:31;20.2;384;0;151;20.7;20.1;
1710488853;15.03.2024;07:47:33;20.3;384;0;158;20.7;20.1;
1710489756;15.03.2024;08:02:36;20.4;384;0;151;20.7;20.1;
1710490659;15.03.2024;08:17:39;20.3;384;0;173;20.7;20.1;
1710491562;15.03.2024;08:32:42;20.3;384;0;173;20.7;20.1;
1710492465;15.03.2024;08:47:45;20.4;384;0;187;20.9;20.1;
1710493367;15.03.2024;09:02:47;20.4;384;0;158;20.7;20.1;
1710494270;15.03.2024;09:17:50;20.6;384;0;180;20.7;20.2;
1710495173;15.03.2024;09:32:53;20.8;384;0;166;20.7;20.1;
1710496076;15.03.2024;09:47:56;20.8;384;0;173;20.7;20.1;
1710496979;15.03.2024;10:02:59;21;384;0;173;20.7;20.1;
1710497881;15.03.2024;10:18:01;20.9;384;0;187;20.7;20.1;
1710498784;15.03.2024;10:33:04;21.1;384;0;148;20.7;20.1;
1710499687;15.03.2024;10:48:07;21.1;384;0;158;20.6;20.1;
1710500590;15.03.2024;11:03:10;21.1;384;0;140;20.6;20.1;
1710501492;15.03.2024;11:18:12;21.1;384;0;198;20.6;20.1;
1710502395;15.03.2024;11:33:15;21.1;384;0;151;20.9;20.1;
1710503298;15.03.2024;11:48:18;21.1;384;0;173;20.7;20.1;
1710504201;15.03.2024;12:03:21;21.3;384;0;158;20.9;20.1;
1710505104;15.03.2024;12:18:24;21.5;384;0;151;20.8;20.1;
1710506006;15.03.2024;12:33:26;21.4;384;0;194;20.7;20.1;
1710506909;15.03.2024;12:48:29;21.3;384;0;140;20.7;20.1;
1710507812;15.03.2024;13:03:32;21.2;384;0;151;20.7;20.1;
1710508715;15.03.2024;13:18:35;21.3;384;0;151;20.7;20.1;
1710509618;15.03.2024;13:33:38;21.4;384;0;173;20.7;20.2;
1710510520;15.03.2024;13:48:40;21.4;384;0;180;20.8;20.2;
1710511423;15.03.2024;14:03:43;21.5;384;0;194;20.9;20.2;
1710512326;15.03.2024;14:18:46;21.5;384;0;194;20.8;20.2;
1710513229;15.03.2024;14:33:49;21.4;384;0;180;20.8;20.2;
1710514132;15.03.2024;14:48:52;21.4;384;0;180;20.8;20.2;
1710515034;15.03.2024;15:03:54;21.6;384;0;148;20.8;20.2;
1710515937;15.03.2024;15:18:57;21.4;384;0;108;20.8;20.2;
1710516840;15.03.2024;15:34:00;21.5;384;0;166;20.8;20.2;
1710517743;15.03.2024;15:49:03;21.3;384;0;151;20.8;20.2;
1710518645;15.03.2024;16:04:05;21.2;384;0;220;20.8;20.2;
1710519548;15.03.2024;16:19:08;21.2;384;0;140;20.8;20.2;
1710520451;15.03.2024;16:34:11;21.2;384;0;173;20.8;20.2;
1710521354;15.03.2024;16:49:14;21.2;384;0;180;21;20.3;
1710522257;15.03.2024;17:04:17;21.2;384;0;173;20.9;20.3;
1710523159;15.03.2024;17:19:19;20.9;384;0;133;20.8;20.2;
1710524062;15.03.2024;17:34:22;20.8;384;0;180;20.8;20.2;
1710524965;15.03.2024;17:49:25;20.8;384;0;194;20.8;20.3;
1710525868;15.03.2024;18:04:28;20.8;384;0;180;20.8;20.3;
1710526771;15.03.2024;18:19:31;20.8;384;0;187;20.8;20.2;
1710527673;15.03.2024;18:34:33;17.9;384;0;47;20.8;20.2;
1710528576;15.03.2024;18:49:36;16.2;384;0;47;20.8;20.3;
1710529479;15.03.2024;19:04:39;16.3;384;0;47;20.8;20.2;
1710530382;15.03.2024;19:19:42;16.4;384;0;47;20.8;20.3;
1710531285;15.03.2024;19:34:45;16.5;384;0;54;20.8;20.2;
1710532187;15.03.2024;19:49:47;16.5;384;0;54;20.8;20.2;
1710533090;15.03.2024;20:04:50;16.5;384;0;47;20.8;20.3;
1710533993;15.03.2024;20:19:53;16.6;384;0;47;20.8;20.3;
1710534896;15.03.2024;20:34:56;16.6;384;0;54;20.8;20.3;
1710535799;15.03.2024;20:49:59;16.6;384;0;47;20.8;20.3;
1710536702;15.03.2024;21:05:02;16.6;384;0;54;20.8;20.3;
1710537604;15.03.2024;21:20:04;16.7;384;0;47;20.8;20.3;
1710538507;15.03.2024;21:35:07;16.7;384;0;54;20.8;20.3;
1710539410;15.03.2024;21:50:10;16.7;384;0;54;20.8;20.2;
1710540313;15.03.2024;22:05:13;16.8;384;0;54;20.8;20.2;
1710541216;15.03.2024;22:20:16;16.8;384;0;54;20.8;20.2;
1710542118;15.03.2024;22:35:18;16.8;384;0;54;20.8;20.2;
1710543021;15.03.2024;22:50:21;16.8;384;0;54;20.8;20.2;
1710543924;15.03.2024;23:05:24;16.8;384;0;54;20.8;20.2;
1710544827;15.03.2024;23:20:27;16.9;384;0;54;20.8;20.2;
1710545730;15.03.2024;23:35:30;16.8;384;0;54;20.8;20.2;
1710546633;15.03.2024;23:50:33;16.8;384;0;54;20.8;20.2;
1710547535;16.03.2024;00:05:35;16.8;384;0;54;20.8;20.2;
1710548438;16.03.2024;00:20:38;16.8;384;0;54;20.8;20.2;
1710549341;16.03.2024;00:35:41;16.9;384;0;54;20.8;20.2;
1710550244;16.03.2024;00:50:44;16.9;384;0;54;20.7;20.2;
1710551147;16.03.2024;01:05:47;16.9;384;0;54;20.7;20.2;
1710552050;16.03.2024;01:20:50;16.9;384;0;54;20.7;20.2;
1710552952;16.03.2024;01:35:52;16.9;384;0;54;20.7;20.2;
1710553855;16.03.2024;01:50:55;16.9;384;0;54;20.7;20.2;
1710554758;16.03.2024;02:05:58;16.9;384;0;54;20.7;20.2;
1710555661;16.03.2024;02:21:01;16.9;384;0;47;20.7;20.2;
1710556564;16.03.2024;02:36:04;16.9;384;0;54;20.7;20.1;
1710557467;16.03.2024;02:51:07;16.9;384;0;54;20.7;20.2;
1710558369;16.03.2024;03:06:09;16.9;384;0;54;20.7;20.1;
1710559272;16.03.2024;03:21:12;16.9;384;0;54;20.7;20.1;
1710560175;16.03.2024;03:36:15;16.9;384;0;54;20.7;20.1;
1710561078;16.03.2024;03:51:18;16.9;384;0;54;20.7;20.1;
1710561981;16.03.2024;04:06:21;16.9;384;0;54;20.7;20.2;
1710562884;16.03.2024;04:21:24;16.9;384;0;54;20.7;20.1;
1710563786;16.03.2024;04:36:26;16.9;384;0;54;20.7;20.1;
1710564689;16.03.2024;04:51:29;16.9;384;0;54;20.7;20.1;
1710565592;16.03.2024;05:06:32;16.9;384;0;54;20.7;20.1;
1710566495;16.03.2024;05:21:35;16.9;384;0;54;20.7;20.1;
1710567398;16.03.2024;05:36:38;16.9;384;0;47;20.7;20.1;
1710568301;16.03.2024;05:51:41;16.9;384;0;54;20.7;20.1;
1710569203;16.03.2024;06:06:43;17;384;0;54;20.7;20.1;
1710570106;16.03.2024;06:21:46;17;384;0;54;20.7;20.1;
1710571009;16.03.2024;06:36:49;17.1;384;0;54;20.7;20.1;
1710571912;16.03.2024;06:51:52;17.1;384;0;54;20.7;20.1;
1710572815;16.03.2024;07:06:55;17.1;384;0;54;20.7;20.1;
1710573718;16.03.2024;07:21:58;17.1;384;0;54;20.7;20.1;
1710574620;16.03.2024;07:37:00;17.1;384;0;54;20.7;20.1;
1710575523;16.03.2024;07:52:03;17.2;384;0;54;20.7;20.1;
1710576426;16.03.2024;08:07:06;17.2;384;0;54;20.7;20.1;
1710577329;16.03.2024;08:22:09;17.3;384;0;54;20.7;20.1;
1710578232;16.03.2024;08:37:12;17.6;384;0;54;20.7;20.1;
1710579135;16.03.2024;08:52:15;17.5;384;0;54;20.7;20.1;
1710580037;16.03.2024;09:07:17;17.6;384;0;54;20.7;20.1;
1710580940;16.03.2024;09:22:20;17.8;384;0;54;20.7;20.1;
1710581843;16.03.2024;09:37:23;18;384;0;54;20.7;20.1;
1710582746;16.03.2024;09:52:26;18.2;384;0;47;20.7;20.1;
1710583649;16.03.2024;10:07:29;18.2;384;0;47;20.6;20.1;
1710584552;16.03.2024;10:22:32;18.3;384;0;47;20.6;20.1;
1710585454;16.03.2024;10:37:34;18.2;384;0;47;20.6;20.1;
1710586357;16.03.2024;10:52:37;18.1;384;0;47;20.6;20.1;
1710587260;16.03.2024;11:07:40;18.1;384;0;47;20.6;20.1;
1710588163;16.03.2024;11:22:43;18.2;384;0;47;20.6;20.1;
1710589066;16.03.2024;11:37:46;18.2;384;0;47;20.6;20.1;
1710589968;16.03.2024;11:52:48;18.1;384;0;47;20.6;20.1;
1710590871;16.03.2024;12:07:51;18;384;0;54;20.6;20.1;
1710591774;16.03.2024;12:22:54;18;384;0;47;20.6;20.1;
1710592677;16.03.2024;12:37:57;17.7;384;0;47;20.6;20.1;
1710593580;16.03.2024;12:53:00;17.8;384;0;47;20.6;20.1;
1710594483;16.03.2024;13:08:03;17.9;384;0;47;20.6;20.1;
1710595387;16.03.2024;13:23:07;18;384;0;47;20.6;20.1;
1710596289;16.03.2024;13:38:09;18;384;0;47;20.6;20.1;
1710597192;16.03.2024;13:53:12;18;384;0;47;20.6;20.1;
1710598095;16.03.2024;14:08:15;18;384;0;47;20.6;20.1;
1710598998;16.03.2024;14:23:18;18.1;384;0;47;20.6;20.1;
1710599901;16.03.2024;14:38:21;18.1;384;0;54;20.6;20.1;
1710600804;16.03.2024;14:53:24;18.1;384;0;47;20.6;20.1;
1710601706;16.03.2024;15:08:26;18.2;384;0;54;20.6;20.1;
1710602609;16.03.2024;15:23:29;18.1;384;0;47;20.6;20.1;
1710603512;16.03.2024;15:38:32;18.2;384;0;47;20.6;20.1;
1710604415;16.03.2024;15:53:35;18.1;384;0;47;20.6;20.1;
1710605318;16.03.2024;16:08:38;17.9;384;0;47;20.6;20.1;
1710606221;16.03.2024;16:23:41;17.9;384;0;54;20.6;20.1;
1710607124;16.03.2024;16:38:44;17.8;384;0;47;20.6;20.1;
1710608026;16.03.2024;16:53:46;17.9;384;0;47;20.6;20.1;
1710608929;16.03.2024;17:08:49;18;384;0;47;20.6;20.1;
1710609832;16.03.2024;17:23:52;17.9;384;0;47;20.6;20.1;
1710610735;16.03.2024;17:38:55;17.9;384;0;47;20.6;20.1;
1710611638;16.03.2024;17:53:58;17.9;384;0;47;20.6;20.1;
1710612541;16.03.2024;18:09:01;17.9;384;0;54;20.6;20.1;
1710613443;16.03.2024;18:24:03;18;384;0;54;20.6;20.1;
1710614346;16.03.2024;18:39:06;17.9;384;0;47;20.6;20.1;
1710615249;16.03.2024;18:54:09;17.9;384;0;54;20.6;20.1;
1710616152;16.03.2024;19:09:12;17.9;384;0;54;20.6;20.1;
1710617055;16.03.2024;19:24:15;18;384;0;54;20.6;20.1;
1710617958;16.03.2024;19:39:18;18;384;0;54;20.7;20.1;
1710618860;16.03.2024;19:54:20;17.9;384;0;54;20.7;20.1;
1710619763;16.03.2024;20:09:23;17.9;384;0;54;20.7;20.1;
1710620666;16.03.2024;20:24:26;17.8;384;0;54;20.7;20.1;
1710621569;16.03.2024;20:39:29;17.8;392;0;54;20.7;20.1;
1710622472;16.03.2024;20:54:32;17.7;384;0;47;20.7;20.1;
1710623375;16.03.2024;21:09:35;17.7;384;0;54;20.7;20.1;
1710624277;16.03.2024;21:24:37;17.6;384;0;54;20.7;20.1;
1710625180;16.03.2024;21:39:40;17.6;384;0;54;20.7;20.1;
1710626083;16.03.2024;21:54:43;17.6;384;0;47;20.7;20.1;
1710626986;16.03.2024;22:09:46;17.6;384;0;54;20.7;20.1;
1710627889;16.03.2024;22:24:49;17.7;384;0;47;20.7;20.1;
1710628791;16.03.2024;22:39:51;17.5;384;0;54;20.7;20.1;
1710629694;16.03.2024;22:54:54;17.6;384;0;54;20.7;20.1;
1710630597;16.03.2024;23:09:57;17.6;384;0;54;20.7;20.1;
1710631500;16.03.2024;23:25:00;17.6;384;0;54;20.7;20.1;
1710632403;16.03.2024;23:40:03;17.5;384;0;54;20.7;20.1;
1710633305;16.03.2024;23:55:05;17.6;384;0;54;20.7;20.1;
1710634208;17.03.2024;00:10:08;17.6;384;0;54;20.7;20.1;
1710635111;17.03.2024;00:25:11;17.6;384;0;54;20.7;20.1;
1710636014;17.03.2024;00:40:14;17.5;384;0;54;20.7;20.1;
1710636917;17.03.2024;00:55:17;17.4;384;0;54;20.7;20.1;
1710637820;17.03.2024;01:10:20;17.6;384;0;54;20.7;20.1;
1710638722;17.03.2024;01:25:22;17.4;384;0;54;20.7;20.1;
1710639625;17.03.2024;01:40:25;17.4;384;0;54;20.7;20.1;
1710640528;17.03.2024;01:55:28;17.5;384;0;54;20.7;20.1;
1710641431;17.03.2024;02:10:31;17.5;384;0;54;20.7;20.1;
1710642334;17.03.2024;02:25:34;17.5;384;0;54;20.7;20.1;
1710643236;17.03.2024;02:40:36;17.5;384;0;54;20.7;20.1;
1710644139;17.03.2024;02:55:39;17.5;384;0;54;20.7;20.1;
1710645042;17.03.2024;03:10:42;17.4;384;0;54;20.7;20.1;
1710645945;17.03.2024;03:25:45;17.4;384;0;54;20.7;20.1;
1710646848;17.03.2024;03:40:48;17.5;384;0;54;20.7;20.1;
1710647751;17.03.2024;03:55:51;17.4;384;0;54;20.7;20.1;
1710648653;17.03.2024;04:10:53;17.5;384;0;54;20.7;20.1;
1710649556;17.03.2024;04:25:56;17.5;384;0;54;20.7;20.1;
1710650459;17.03.2024;04:40:59;17.4;384;0;54;20.7;20.1;
1710651362;17.03.2024;04:56:02;17.5;384;0;54;20.7;20.1;
1710652265;17.03.2024;05:11:05;17.5;384;0;54;20.7;20.1;
1710653168;17.03.2024;05:26:08;17.5;384;0;54;20.6;20.1;
1710654070;17.03.2024;05:41:10;17.5;384;0;54;20.6;20.1;
1710654973;17.03.2024;05:56:13;17.4;384;0;54;20.6;20.1;
1710655876;17.03.2024;06:11:16;17.5;384;0;54;20.6;20.1;
1710656779;17.03.2024;06:26:19;17.5;384;0;54;20.6;20.1;
1710657682;17.03.2024;06:41:22;17.5;384;0;54;20.7;20.1;
1710658585;17.03.2024;06:56:25;17.6;384;0;54;20.6;20.1;
1710659487;17.03.2024;07:11:27;17.6;384;0;54;20.6;20.1;
1710660390;17.03.2024;07:26:30;17.6;384;0;54;20.6;20.1;
1710661293;17.03.2024;07:41:33;17.7;384;0;54;20.6;20.1;
1710662196;17.03.2024;07:56:36;17.7;384;0;54;20.6;20.1;
1710663099;17.03.2024;08:11:39;17.6;384;0;54;20.6;20.1;
1710664002;17.03.2024;08:26:42;17.7;384;0;54;20.6;20.1;
1710664904;17.03.2024;08:41:44;17.7;384;0;54;20.6;20.1;
1710665807;17.03.2024;08:56:47;17.7;384;0;54;20.6;20.1;
1710666710;17.03.2024;09:11:50;17.8;384;0;54;20.6;20.1;
1710667613;17.03.2024;09:26:53;17.7;384;0;54;20.6;20.1;
1710668516;17.03.2024;09:41:56;17.7;384;0;54;20.6;20;
1710669419;17.03.2024;09:56:59;17.8;384;0;54;20.6;20.1;
1710670321;17.03.2024;10:12:01;17.9;384;0;54;20.6;20;
1710671224;17.03.2024;10:27:04;18;384;0;54;20.6;20;
1710672127;17.03.2024;10:42:07;17.9;384;0;54;20.6;20.1;
1710673030;17.03.2024;10:57:10;18;384;0;54;20.6;20;
1710673933;17.03.2024;11:12:13;18;384;0;54;20.6;20;
1710674836;17.03.2024;11:27:16;18.1;384;0;54;20.6;20;
1710675739;17.03.2024;11:42:19;18.1;384;0;54;20.6;20;
1710676641;17.03.2024;11:57:21;18.2;384;0;54;20.6;20;
1710677544;17.03.2024;12:12:24;18.3;384;0;47;20.6;20;
1710678447;17.03.2024;12:27:27;18.2;384;0;54;20.6;20;
1710679350;17.03.2024;12:42:30;18.3;384;0;54;20.6;20;
1710680253;17.03.2024;12:57:33;18.4;384;0;54;20.6;20;
1710681155;17.03.2024;13:12:35;18.3;384;0;54;20.6;20;
1710682058;17.03.2024;13:27:38;18.2;384;0;47;20.6;20.1;
1710682961;17.03.2024;13:42:41;18.1;384;0;47;20.6;20;
1710683864;17.03.2024;13:57:44;18;384;0;47;20.6;20;
1710684767;17.03.2024;14:12:47;17.9;384;0;47;20.6;20;
1710685670;17.03.2024;14:27:50;17.9;384;0;47;20.6;20;
1710686572;17.03.2024;14:42:52;17.8;384;0;54;20.6;20;
1710687475;17.03.2024;14:57:55;18.1;384;0;54;20.6;20;
1710688378;17.03.2024;15:12:58;18.2;384;0;54;20.6;20;
1710689281;17.03.2024;15:28:01;18.2;384;0;47;20.6;20;
1710690184;17.03.2024;15:43:04;18.2;384;0;54;20.6;20;
1710691086;17.03.2024;15:58:06;18.1;384;0;54;20.6;20;
1710691989;17.03.2024;16:13:09;18;384;0;47;20.6;20;
1710692892;17.03.2024;16:28:12;17.9;384;0;47;20.6;20;
1710693795;17.03.2024;16:43:15;17.9;384;0;47;20.6;20;
1710694698;17.03.2024;16:58:18;17.9;384;0;54;20.6;20;
1710695600;17.03.2024;17:13:20;18;384;0;47;20.6;20;
1710696503;17.03.2024;17:28:23;18.1;384;0;54;20.6;20;
1710697406;17.03.2024;17:43:26;18.1;384;0;54;20.6;20;
1710698309;17.03.2024;17:58:29;18.2;384;0;54;20.6;20;
1710699212;17.03.2024;18:13:32;18;384;0;54;20.6;20;
1710700114;17.03.2024;18:28:34;18;384;0;54;20.6;20;
1710701017;17.03.2024;18:43:37;18;384;0;54;20.6;20;
1710701920;17.03.2024;18:58:40;17.8;384;0;47;20.6;20;
1710702823;17.03.2024;19:13:43;17.9;384;0;47;20.6;20;
1710703726;17.03.2024;19:28:46;18;384;0;54;20.6;20;
1710704629;17.03.2024;19:43:49;18;384;0;54;20.6;20;
1710705532;17.03.2024;19:58:52;18;384;0;54;20.6;20;
1710706434;17.03.2024;20:13:54;18;384;0;54;20.6;20;
1710707337;17.03.2024;20:28:57;18;384;0;54;20.6;20;
1710708240;17.03.2024;20:44:00;18;384;0;54;20.6;20.1;
1710709143;17.03.2024;20:59:03;18;384;0;54;20.6;20.1;
1710710046;17.03.2024;21:14:06;18;384;0;54;20.6;20;
1710710948;17.03.2024;21:29:08;18;384;0;54;20.6;20.1;
1710711851;17.03.2024;21:44:11;18;384;0;54;20.6;20.1;
1710712754;17.03.2024;21:59:14;18;384;0;54;20.6;20.1;
1710713657;17.03.2024;22:14:17;17.9;384;0;54;20.6;20.1;
1710714560;17.03.2024;22:29:20;17.9;384;0;54;20.6;20.1;
1710715463;17.03.2024;22:44:23;18;384;0;54;20.6;20.1;
1710716365;17.03.2024;22:59:25;18;384;0;54;20.6;20.1;
1710717268;17.03.2024;23:14:28;18;384;0;54;20.6;20.1;
1710718171;17.03.2024;23:29:31;18;384;0;54;20.6;20.1;
1710719074;17.03.2024;23:44:34;18;384;0;54;20.6;20.1;
1710719976;17.03.2024;23:59:36;18;384;0;54;20.6;20.1;
1710720879;18.03.2024;00:14:39;18;384;0;54;20.6;20.1;
1710721782;18.03.2024;00:29:42;18;384;0;54;20.6;20.1;
1710722685;18.03.2024;00:44:45;17.9;384;0;54;20.6;20.1;
1710723588;18.03.2024;00:59:48;17.9;384;0;54;20.6;20.1;
1710724491;18.03.2024;01:14:51;18;384;0;54;20.6;20.1;
1710725393;18.03.2024;01:29:53;17.9;384;0;54;20.6;20.1;
1710726296;18.03.2024;01:44:56;18;384;0;54;20.6;20.1;
1710727199;18.03.2024;01:59:59;18;384;0;54;20.6;20.1;
1710728102;18.03.2024;02:15:02;18;384;0;54;20.6;20.1;
1710729005;18.03.2024;02:30:05;17.9;384;0;54;20.6;20.1;
1710729908;18.03.2024;02:45:08;17.9;384;0;54;20.6;20.1;
1710730811;18.03.2024;03:00:11;17.9;384;0;54;20.6;20.1;
1710731713;18.03.2024;03:15:13;21.8;384;0;151;20.6;20.1;
1710732616;18.03.2024;03:30:16;22.3;384;0;180;20.6;20.1;
1710733519;18.03.2024;03:45:19;22.4;384;0;166;20.6;20.1;
1710734422;18.03.2024;04:00:22;22.3;384;0;166;20.6;20.1;
1710735325;18.03.2024;04:15:25;22.3;384;0;194;20.6;20.1;
1710736227;18.03.2024;04:30:27;22.2;384;0;166;20.6;20.1;
1710737130;18.03.2024;04:45:30;22.1;384;0;166;20.6;20.1;
1710738033;18.03.2024;05:00:33;22.1;384;0;148;20.6;20.1;
1710738936;18.03.2024;05:15:36;22.1;384;0;158;20.6;20.1;
1710739838;18.03.2024;05:30:38;21.7;384;0;166;20.6;20.1;
1710740741;18.03.2024;05:45:41;21.6;384;0;194;20.6;20.1;
1710741644;18.03.2024;06:00:44;21.5;384;0;173;20.6;20.1;
1710742547;18.03.2024;06:15:47;21.5;384;0;180;20.6;20.1;
1710743450;18.03.2024;06:30:50;21.5;384;0;148;20.6;20.1;
1710744352;18.03.2024;06:45:52;21.5;384;0;166;20.6;20.1;
1710745255;18.03.2024;07:00:55;21.4;384;0;158;20.6;20.1;
1710746158;18.03.2024;07:15:58;21.4;384;0;198;20.6;20.1;
1710747061;18.03.2024;07:31:01;21.4;384;0;180;20.6;20.1;
1710747964;18.03.2024;07:46:04;21.4;384;0;158;20.6;20.1;
1710748866;18.03.2024;08:01:06;21.4;384;0;187;20.6;20.1;
1710749769;18.03.2024;08:16:09;21.4;384;0;198;20.6;20.1;
1710750672;18.03.2024;08:31:12;21.5;384;0;166;20.6;20.1;
1710751575;18.03.2024;08:46:15;21.4;384;0;198;20.6;20.1;
1710752478;18.03.2024;09:01:18;21.4;384;0;187;20.6;20.2;
1710753380;18.03.2024;09:16:20;21.3;384;0;158;20.6;20.2;
1710754283;18.03.2024;09:31:23;22.2;384;0;158;20.6;20.2;
1710755186;18.03.2024;09:46:26;22.5;384;0;173;20.6;20.2;
1710756089;18.03.2024;10:01:29;22.7;384;0;180;20.6;20.2;
1710756992;18.03.2024;10:16:32;22.9;384;0;166;20.7;20.2;
1710757894;18.03.2024;10:31:34;22.5;384;0;212;20.7;20.2;
1710758797;18.03.2024;10:46:37;22.4;384;0;198;20.7;20.1;
1710759700;18.03.2024;11:01:40;22;384;0;194;20.7;20.2;
1710760603;18.03.2024;11:16:43;21.9;384;0;220;20.7;20.3;
1710761506;18.03.2024;11:31:46;21.7;384;0;173;20.7;20.2;
1710762408;18.03.2024;11:46:48;21.7;384;0;180;20.9;20.2;
1710763311;18.03.2024;12:01:51;21.7;384;0;187;20.8;20.2;
1710764214;18.03.2024;12:16:54;21.7;384;0;198;20.9;20.2;
1710765117;18.03.2024;12:31:57;21.7;384;0;158;20.8;20.2;
1710766020;18.03.2024;12:47:00;21.9;384;0;158;20.9;20.3;
1710766922;18.03.2024;13:02:02;21.9;384;0;180;20.8;20.2;
1710767825;18.03.2024;13:17:05;21.9;384;0;151;20.8;20.2;
1710768728;18.03.2024;13:32:08;21.9;384;0;166;20.8;20.2;
1710769631;18.03.2024;13:47:11;22;384;0;187;20.8;20.2;
1710770534;18.03.2024;14:02:14;22;384;0;187;20.8;20.2;
1710771436;18.03.2024;14:17:16;22.3;384;0;151;21.1;20.2;
1710772339;18.03.2024;14:32:19;22.6;384;0;194;20.9;20.2;
1710773242;18.03.2024;14:47:22;23.7;384;0;187;20.9;20.2;
1710774145;18.03.2024;15:02:25;23.6;384;0;194;20.9;20.3;
1710775048;18.03.2024;15:17:28;23.2;384;0;194;20.8;20.2;
1710775950;18.03.2024;15:32:30;23;384;0;205;21;20.2;
1710776853;18.03.2024;15:47:33;22.8;384;0;187;20.9;20.4;
1710777756;18.03.2024;16:02:36;22.7;384;0;166;20.9;20.3;
1710778659;18.03.2024;16:17:39;22.7;384;0;173;20.9;20.3;
1710779562;18.03.2024;16:32:42;22.7;384;0;194;20.9;20.3;
1710780464;18.03.2024;16:47:44;22.7;384;0;180;21;20.4;
1710781367;18.03.2024;17:02:47;22.5;384;0;180;21;20.4;
1710782270;18.03.2024;17:17:50;22.6;384;0;166;21;20.4;
1710783173;18.03.2024;17:32:53;22.5;384;0;187;21;20.3;
1710784076;18.03.2024;17:47:56;22.3;384;0;180;21.1;20.4;
1710784978;18.03.2024;18:02:58;22.2;384;0;173;21;20.4;
1710785881;18.03.2024;18:18:01;22.2;384;0;198;21;20.4;
1710786784;18.03.2024;18:33:04;22;384;0;47;21;20.3;
1710787687;18.03.2024;18:48:07;22;384;0;54;21;20.4;
1710788590;18.03.2024;19:03:10;21.9;384;0;54;21;20.5;
1710789427;18.03.2024;19:17:07;21.7;392;0;54;21;20.4;
1710790330;18.03.2024;19:32:10;21.6;384;0;40;21;20.4;
1710791233;18.03.2024;19:47:13;21.5;384;0;40;20.9;20.4;
1710792136;18.03.2024;20:02:16;21.5;384;0;40;20.9;20.4;
1710793039;18.03.2024;20:17:19;21.4;384;0;40;20.9;20.4;
1710793941;18.03.2024;20:32:21;21.4;384;0;40;20.9;20.4;
1710794844;18.03.2024;20:47:24;21.5;384;0;40;20.9;20.4;
1710795747;18.03.2024;21:02:27;21.3;384;0;40;20.9;20.4;
1710796650;18.03.2024;21:17:30;21.2;384;0;40;20.9;20.4;
1710797553;18.03.2024;21:32:33;21.2;384;0;40;20.9;20.4;
1710798456;18.03.2024;21:47:36;21.2;384;0;40;20.9;20.4;
1710799358;18.03.2024;22:02:38;21.2;384;0;40;20.9;20.4;
1710800261;18.03.2024;22:17:41;21.2;384;0;40;20.9;20.4;
1710801164;18.03.2024;22:32:44;21;384;0;40;20.9;20.4;
1710802067;18.03.2024;22:47:47;21.1;384;0;40;20.9;20.4;
1710802969;18.03.2024;23:02:49;21;384;0;40;20.9;20.4;
1710803872;18.03.2024;23:17:52;21;384;0;40;20.9;20.4;
1710804775;18.03.2024;23:32:55;21;384;0;40;20.9;20.4;
1710805678;18.03.2024;23:47:58;20.9;384;0;40;20.9;20.4;
1710806581;19.03.2024;00:03:01;21;384;0;40;20.9;20.4;
1710807484;19.03.2024;00:18:04;20.9;384;0;40;20.9;20.4;
1710808386;19.03.2024;00:33:06;21;384;0;40;20.9;20.4;
1710809289;19.03.2024;00:48:09;21;384;0;40;20.9;20.4;
1710810192;19.03.2024;01:03:12;20.9;384;0;40;20.9;20.4;
1710811095;19.03.2024;01:18:15;20.8;384;0;40;20.9;20.4;
1710811998;19.03.2024;01:33:18;20.9;384;0;40;20.9;20.4;
1710812900;19.03.2024;01:48:20;20.8;384;0;40;20.9;20.4;
1710813803;19.03.2024;02:03:23;20.8;384;0;40;20.9;20.4;
1710814706;19.03.2024;02:18:26;20.8;384;0;40;20.9;20.4;
1710815609;19.03.2024;02:33:29;20.6;384;0;40;20.9;20.4;
1710816512;19.03.2024;02:48:32;20.7;384;0;40;20.9;20.4;
1710817414;19.03.2024;03:03:34;20.7;384;0;61;20.9;20.3;
1710818317;19.03.2024;03:18:37;20.6;384;0;47;20.9;20.3;
1710819220;19.03.2024;03:33:40;20.7;384;0;61;20.9;20.4;
1710820123;19.03.2024;03:48:43;20.6;384;0;47;20.9;20.3;
1710821025;19.03.2024;04:03:45;20.6;384;0;61;20.9;20.3;
1710821928;19.03.2024;04:18:48;20.4;384;0;40;20.9;20.3;
1710822831;19.03.2024;04:33:51;20.5;384;0;54;20.9;20.3;
1710823734;19.03.2024;04:48:54;20.4;384;0;47;20.9;20.3;
1710824636;19.03.2024;05:03:56;20.5;392;0;47;20.9;20.3;
1710825539;19.03.2024;05:18:59;20.4;384;0;47;20.9;20.3;
1710826442;19.03.2024;05:34:02;20.4;384;0;54;20.9;20.3;
1710827345;19.03.2024;05:49:05;20.5;384;0;47;20.9;20.3;
1710828247;19.03.2024;06:04:07;20.5;384;0;47;20.9;20.3;
1710829150;19.03.2024;06:19:10;20.5;384;0;40;20.8;20.3;
1710830053;19.03.2024;06:34:13;20.5;384;0;54;20.9;20.3;
1710830956;19.03.2024;06:49:16;20.5;384;0;32;20.9;20.3;
1710831859;19.03.2024;07:04:19;20.4;384;0;54;20.8;20.3;
1710832761;19.03.2024;07:19:21;20.4;384;0;40;20.8;20.3;
1710833664;19.03.2024;07:34:24;20.5;384;0;47;20.8;20.3;
1710834567;19.03.2024;07:49:27;20.4;384;0;47;20.8;20.3;
1710835470;19.03.2024;08:04:30;20.5;384;0;40;20.8;20.3;
1710836372;19.03.2024;08:19:32;20.5;384;0;54;20.8;20.3;
1710837275;19.03.2024;08:34:35;20.5;384;0;54;20.8;20.3;
1710838178;19.03.2024;08:49:38;20.9;384;0;40;20.8;20.3;
1710839081;19.03.2024;09:04:41;21.4;384;0;54;20.8;20.3;
1710839984;19.03.2024;09:19:44;19.7;384;0;25;20.8;20.3;
1710840886;19.03.2024;09:34:46;21.9;384;0;180;20.8;20.3;
1710841789;19.03.2024;09:49:49;22.1;384;0;173;20.8;20.3;
1710842692;19.03.2024;10:04:52;22.9;384;0;187;20.8;20.3;
1710843595;19.03.2024;10:19:55;23.2;384;0;212;20.8;20.3;
1710844498;19.03.2024;10:34:58;23.3;384;0;198;20.7;20.3;
1710845400;19.03.2024;10:50:00;23.4;384;0;194;20.9;20.3;
1710846303;19.03.2024;11:05:03;23.4;384;0;194;20.8;20.3;
1710847206;19.03.2024;11:20:06;23.1;384;0;198;20.9;20.4;
1710848109;19.03.2024;11:35:09;23.2;384;0;227;20.9;20.4;
1710849012;19.03.2024;11:50:12;23.2;384;0;205;21;20.4;
1710849914;19.03.2024;12:05:14;23.3;384;0;194;21.2;20.4;
1710850817;19.03.2024;12:20:17;23.3;384;0;198;21.1;20.4;
1710851720;19.03.2024;12:35:20;22.9;384;0;180;21.2;20.4;
1710852623;19.03.2024;12:50:23;22.8;384;0;198;21.2;20.4;
1710853526;19.03.2024;13:05:26;22.8;384;0;194;21.1;20.4;
1710854428;19.03.2024;13:20:28;22.6;384;0;194;21.1;20.4;
1710855331;19.03.2024;13:35:31;22.6;384;0;187;21.1;20.4;
1710856234;19.03.2024;13:50:34;22.6;384;0;180;21.1;20.4;
1710857137;19.03.2024;14:05:37;22.5;384;0;198;21;20.5;
1710858039;19.03.2024;14:20:39;22.5;384;0;173;21.1;20.5;
1710858942;19.03.2024;14:35:42;22.5;384;0;205;21.2;20.6;
1710859845;19.03.2024;14:50:45;22.5;384;0;166;21.1;20.5;
1710860748;19.03.2024;15:05:48;22.5;384;0;180;21;20.5;
1710861651;19.03.2024;15:20:51;22.8;384;0;187;21.1;20.5;
1710862553;19.03.2024;15:35:53;23.5;384;0;173;21.1;20.5;
1710863456;19.03.2024;15:50:56;23.4;384;0;173;21.1;20.7;
1710864359;19.03.2024;16:05:59;23.6;384;0;220;21.1;20.7;
1710865262;19.03.2024;16:21:02;23.6;384;0;227;21.4;20.6;
1710866165;19.03.2024;16:36:05;23.1;384;0;166;21.2;20.6;
1710867067;19.03.2024;16:51:07;22.8;384;0;194;21.3;20.7;
1710867970;19.03.2024;17:06:10;22.7;384;0;205;21.3;20.7;
1710868873;19.03.2024;17:21:13;22.6;384;0;198;21.4;20.6;
1710869776;19.03.2024;17:36:16;22.5;384;0;187;21.3;20.6;
1710870679;19.03.2024;17:51:19;22.4;384;0;140;21.3;20.6;
1710871581;19.03.2024;18:06:21;22.3;384;0;187;21.3;20.6;
1710872484;19.03.2024;18:21:24;22.2;384;0;173;21.3;20.6;
1710873387;19.03.2024;18:36:27;22.2;384;0;54;21.3;20.6;
1710874290;19.03.2024;18:51:30;22.1;384;0;54;21.3;20.6;
1710875193;19.03.2024;19:06:33;22;384;0;54;21.2;20.6;
1710876095;19.03.2024;19:21:35;21.9;384;0;54;21.2;20.6;
1710876998;19.03.2024;19:36:38;21.8;384;0;54;21.2;20.6;
1710877901;19.03.2024;19:51:41;21.6;384;0;54;21.2;20.6;
1710878804;19.03.2024;20:06:44;21.7;384;0;54;21.2;20.7;
1710879707;19.03.2024;20:21:47;21.6;384;0;54;21.2;20.6;
1710880610;19.03.2024;20:36:50;21.5;384;0;54;21.2;20.6;
1710881512;19.03.2024;20:51:52;21.5;384;0;54;21.2;20.6;
1710882415;19.03.2024;21:06:55;21.4;384;0;54;21.2;20.6;
1710883318;19.03.2024;21:21:58;21.4;384;0;47;21.2;20.6;
1710884221;19.03.2024;21:37:01;21.4;384;0;54;21.2;20.6;
1710885124;19.03.2024;21:52:04;21.3;384;0;54;21.2;20.6;
1710886027;19.03.2024;22:07:07;21.3;384;0;47;21.2;20.6;
1710886929;19.03.2024;22:22:09;21.3;384;0;54;21.2;20.6;
1710887832;19.03.2024;22:37:12;21.1;384;0;54;21.2;20.6;
1710888735;19.03.2024;22:52:15;21.1;384;0;54;21.2;20.6;
1710889638;19.03.2024;23:07:18;21.1;384;0;54;21.2;20.6;
1710890540;19.03.2024;23:22:20;21.1;384;0;54;21.2;20.6;
1710891443;19.03.2024;23:37:23;21;384;0;54;21.2;20.6;
1710892346;19.03.2024;23:52:26;21.1;384;0;47;21.2;20.6;
1710893249;20.03.2024;00:07:29;20.9;384;0;54;21.2;20.6;
1710894152;20.03.2024;00:22:32;21;384;0;54;21.2;20.6;
1710895054;20.03.2024;00:37:34;20.9;384;0;54;21.1;20.6;
1710895957;20.03.2024;00:52:37;20.9;384;0;54;21.1;20.6;
1710896860;20.03.2024;01:07:40;20.9;384;0;54;21.2;20.5;
1710897763;20.03.2024;01:22:43;21;384;0;54;21.1;20.5;
1710898666;20.03.2024;01:37:46;20.9;384;0;54;21.1;20.5;
1710899568;20.03.2024;01:52:48;20.8;384;0;54;21.1;20.5;
1710900471;20.03.2024;02:07:51;20.9;384;0;54;21.1;20.5;
1710901374;20.03.2024;02:22:54;20.8;384;0;47;21.1;20.5;
1710902277;20.03.2024;02:37:57;20.8;384;0;54;21.1;20.5;
1710903180;20.03.2024;02:53:00;20.8;384;0;47;21.1;20.5;
1710904082;20.03.2024;03:08:02;20.7;384;0;1696;21.1;20.5;
1710904985;20.03.2024;03:23:05;20.8;384;0;205;21.1;20.5;
1710905888;20.03.2024;03:38:08;20.7;384;0;148;21.1;20.5;
1710906791;20.03.2024;03:53:11;20.6;384;0;148;21.1;20.5;
1710907694;20.03.2024;04:08:14;20.7;384;0;158;21.1;20.5;
1710908596;20.03.2024;04:23:16;20.7;384;0;187;21.1;20.5;
1710909499;20.03.2024;04:38:19;20.7;384;0;180;21.1;20.5;
1710910402;20.03.2024;04:53:22;20.5;384;0;151;21.1;20.5;
1710911305;20.03.2024;05:08:25;20.6;384;0;126;21.1;20.5;
1710912207;20.03.2024;05:23:27;20.7;384;0;158;21.1;20.5;
1710913110;20.03.2024;05:38:30;20.4;384;0;112;21.1;20.5;
1710914013;20.03.2024;05:53:33;20.2;384;0;173;21.1;20.5;
1710914916;20.03.2024;06:08:36;20.3;384;0;166;21.1;20.5;
1710915818;20.03.2024;06:23:38;20.2;384;0;173;21.1;20.5;
1710916721;20.03.2024;06:38:41;20;384;0;158;21.1;20.4;
1710917624;20.03.2024;06:53:44;20.2;384;0;173;21;20.5;
1710918527;20.03.2024;07:08:47;20;384;0;198;21.1;20.5;
1710919430;20.03.2024;07:23:50;20.2;384;0;133;21;20.5;
1710920332;20.03.2024;07:38:52;20;384;0;140;21;20.5;
1710921235;20.03.2024;07:53:55;20.3;384;0;180;21;20.5;
1710922138;20.03.2024;08:08:58;20.4;384;0;151;21;20.5;
1710923041;20.03.2024;08:24:01;21;384;0;180;21.1;20.5;
1710923944;20.03.2024;08:39:04;21.2;384;0;151;21.1;20.5;
1710924846;20.03.2024;08:54:06;21.4;384;0;180;21.1;20.5;
1710925749;20.03.2024;09:09:09;21.5;384;0;173;21.1;20.5;